file_id,old_name,new_name
1MbJbnSV6iqfDCIFANAJzWlhin8i4YFoC5RWzsryJhNY,tinker 003,testtinker 003
1WS4-Y2M7qA0bqMhluvWOg3GiUyScBSY3ZIBPoNS7Tao,Mixed Nuts Current Remaining Schedule,testMixed Nuts Current Remaining Schedule
1QWQPFly6c0Rqou1iFUJR2k2ElM0qo1fwB5DbRupfO7Y,Charts by Set,testCharts by Set
1glF5aF7BwN2ytl6J3QWH1-hXu5_yj-vy,"Finale, Dorico, and MuseScore mxl files","testFinale, Dorico, and MuseScore mxl files"
1_xzscUAvfWMWn1MdEF0TS6daZXCBfz8W,"AA Numbered Sets, Books, and Recordings","testAA Numbered Sets, Books, and Recordings"
11WZcf2rDEh99SSbh-3Yg6GzbalM6Stph,AA Music Sets,testAA Music Sets
1ge88csda9IrnONANZxXgj79ml1ZA6j4S,AA Music Books,testAA Music Books
1OK7v-W2ncdbKHeOfS1_srP8yJcNnWAGhmQR7AUDK8Ds,File Versioning Standards,testFile Versioning Standards
1zI_KfUmF7WZQVxAYTGdg7_EXLDnL_L2a-OloCTqnOhA,Charts By Name,testCharts By Name
1YTrJqDLWxe8oaWv1oCxbdsjEIu8hYwoZ,New Sets Project,testNew Sets Project
1xprxPchY38NU_GQ1GTh3wq7TP0BNlPos,Recordings and videos,testRecordings and videos
1jSQtA2p99B9ciHAZAINpTNY-fgvEQpR730dwoCHHD9c,Instructions for using the Mixed Nuts Google Docs,testInstructions for using the Mixed Nuts Google Docs
1YS7g35l4qnX5Uxs_CvLTDbb5zBUmlP5u,Mixed Nuts People,testMixed Nuts People
1Cpyw6-2aQOq8Gp3HaaaEdPSd6Ap__qaI,Legacy Performers Documents,testLegacy Performers Documents
1nZQs6Vs5Hnxp3aARYZAt8XmK_a7_WEEs,Mixed Nuts CDs,testMixed Nuts CDs
1InY2zibnVZZo0pZQLfsKg8WUSIpQzCI1,Mixed Nuts Duo Sets,testMixed Nuts Duo Sets
1_Mob7GMndqOB7oi12UkcH7YNqSLxR56Q,_Main Menu,test_Main Menu
1AZQmpvmpYBCKUnqTKlOtyn09ZkkLfxAx,MobileSheetsPro Cheat sheets,testMobileSheetsPro Cheat sheets
11owO8A2NLInEjjs7qmgyTNdzHqS7qned,Archive (do not delete),testArchive (do not delete)
